,IsolateId,Name,Completeness,Contamination,Completeness_Model_Used,Translation_Table_Used,Coding_Density,Contig_N50,Average_Gene_Length,Genome_Size,GC_Content,Total_Coding_Sequences,Total_Contigs,Max_Contig_Length,Additional_Notes
0,tcs_102717_04,contigs,100.0,2.72,Neural Network (Specific Model),11,0.896,57739,317.1978113082408,6398502,0.62,6031,358,236431,None
1,tcs_031618_03,contigs,19.67,0.63,Neural Network (Specific Model),11,0.887,432,114.58750687947166,1403200,0.6,3634,3551,3723,None
2,tcs_062317_10,contigs,85.49,6.67,Gradient Boost (General Model),11,0.891,1090,173.64152046783624,4983114,0.6,8550,6523,9982,None
3,bc_500_030218_07,contigs,65.01,4.81,Gradient Boost (General Model),11,0.873,830,149.24377811094453,3413379,0.62,6670,4979,7316,None
4,tcs_042017_01,contigs,92.92,3.96,Neural Network (Specific Model),11,0.884,3002,227.55130692843284,6751143,0.63,8761,3793,20816,None
5,tcs_030218_12,contigs,96.16,3.34,Gradient Boost (General Model),11,0.871,3054,233.06027195883865,6541389,0.65,8163,4529,33172,None
6,tcs_051117_10_1,contigs,75.69,5.58,Gradient Boost (General Model),11,0.881,1001,157.94606245400064,5103793,0.65,9511,6706,15881,None
7,tcs_030218_03,contigs,66.68,3.26,Gradient Boost (General Model),11,0.885,736,141.64572546312277,4161327,0.64,8691,6640,8053,None
8,tcs_062317_01,contigs,92.98,4.7,Neural Network (Specific Model),11,0.893,3039,242.128369884062,5808705,0.63,7159,3258,27922,None
9,tcs_051117_18,contigs,16.56,1.37,Neural Network (Specific Model),11,0.83,406,107.19248658318426,1078707,0.65,2795,3314,4966,None
10,tcs_030218_10,contigs,36.98,1.87,Neural Network (Specific Model),11,0.887,532,123.56857433118863,2459324,0.62,5906,4956,5063,None
11,tcs_030218_09,contigs,93.75,3.66,Neural Network (Specific Model),11,0.882,2824,220.96494272821937,6486897,0.64,8643,4206,21114,None
12,bc_500_031618_03,contigs,66.74,3.15,Gradient Boost (General Model),11,0.88,942,164.91396786155747,4537604,0.6,8090,6455,15687,None
13,tcs_082417_03,contigs,99.83,4.05,Neural Network (Specific Model),11,0.886,6247,262.31889557707404,6776935,0.65,7642,2668,30356,None
14,tcs_101217_12,contigs,37.63,0.99,Neural Network (Specific Model),11,0.889,536,125.87003440725681,2705569,0.65,6394,5260,6125,None
15,tcs_092117_15,contigs,94.59,6.41,Neural Network (Specific Model),11,0.898,2381,224.8120127795527,5861974,0.62,7825,4102,25936,None
16,tcs_052517_03,contigs,99.99,0.8,Neural Network (Specific Model),11,0.889,19492,316.35208039492244,6043976,0.63,5672,1185,91933,None
17,tcs_041417_10,contigs,34.14,0.6,Neural Network (Specific Model),11,0.86,492,120.8925831202046,2300492,0.59,5474,5531,3939,None
18,tcs_5010,contigs,99.93,2.23,Neural Network (Specific Model),11,0.895,9177,275.8619972260749,6655029,0.66,7210,1574,44316,None
19,tcs_052517_08,contigs,54.02,1.48,Gradient Boost (General Model),11,0.891,671,139.70550772496756,3973862,0.62,8479,6733,6175,None
20,tcs_051117_15,contigs,14.34,0.79,Neural Network (Specific Model),11,0.866,388,102.73755475906013,890537,0.63,2511,2272,3698,None
21,tcs_020118_12,contigs,38.9,2.15,Neural Network (Specific Model),11,0.876,528,123.3076263924593,2947491,0.65,7002,5976,5525,None
22,tcs_031017_01,contigs,71.53,5.98,Gradient Boost (General Model),11,0.88,977,161.95784701456546,5706693,0.64,10367,8093,8762,None
23,tcs_101217_03,contigs,27.56,0.69,Neural Network (Specific Model),11,0.889,501,119.87210609125646,1793722,0.62,4449,3776,5916,None
24,bc_500_031618_06,contigs,99.96,1.27,Neural Network (Specific Model),11,0.888,5025,274.3626958321017,6258813,0.64,6766,2576,31994,None
25,tcs_052517_14,contigs,100.0,1.87,Neural Network (Specific Model),11,0.901,18701,319.5793072014585,6993650,0.6,6582,971,88126,None
26,tcs_080317_02,contigs,58.01,2.6,Gradient Boost (General Model),11,0.879,638,138.08148606811145,3794062,0.64,8075,6714,8168,None
27,tcs_121417_04,contigs,8.16,1.07,Neural Network (Specific Model),11,0.866,380,102.23257110987173,632180,0.63,1793,1720,4513,None
28,tcs_060917_11,contigs,15.55,2.08,Neural Network (Specific Model),11,0.888,391,106.25273948391659,1011321,0.6,2829,2617,3370,None
29,tcs_031618_06,contigs,41.71,3.2,Neural Network (Specific Model),11,0.882,526,128.4113149847095,2846146,0.6,6540,6373,6063,None
30,bc_500_030218_02,contigs,100.0,1.31,Gradient Boost (General Model),11,0.889,3410,235.4506634499397,6573486,0.64,8290,3695,20625,None
31,bc_250_030218_08,contigs,14.71,1.01,Neural Network (Specific Model),11,0.899,400,111.12127659574467,868469,0.6,2350,2247,1447,None
32,tcs_030218_05,contigs,36.71,0.31,Neural Network (Specific Model),11,0.877,529,124.73414179104478,2734977,0.6,6432,5518,9561,None
33,tcs_082417_05,contigs,99.94,3.79,Neural Network (Specific Model),11,0.889,5175,250.11870773854244,6731309,0.63,7986,2589,53525,None
34,tcs_051117_08,contigs,98.3,4.05,Neural Network (Specific Model),11,0.883,2854,225.69124071647008,7002739,0.64,9156,4220,35203,None
35,tcs_060917_03,contigs,95.89,4.1,Neural Network (Specific Model),11,0.896,4586,254.00058625238165,5789443,0.64,6823,2754,31196,None
36,bc_250_030218_06,contigs,22.28,1.02,Neural Network (Specific Model),11,0.877,459,118.12976919453604,1710997,0.6,4246,3934,6268,None
37,tcs_101217_01,contigs,99.95,1.81,Neural Network (Specific Model),11,0.889,5877,287.5460142579391,5977638,0.63,6172,2162,63040,None
38,tcs_102717_09,contigs,30.87,0.7,Neural Network (Specific Model),11,0.888,491,119.80803571428571,2258012,0.64,5600,4716,6323,None
39,tcs_072017_07,contigs,19.25,0.86,Neural Network (Specific Model),11,0.86,412,106.7207534699273,1122423,0.64,3026,2716,5169,None
40,tcs_504,contigs,99.99,4.45,Neural Network (Specific Model),11,0.891,8009,268.92381844959164,6747589,0.66,7469,1746,61223,None
41,tcs_041417_11,contigs,87.53,5.7,Gradient Boost (General Model),11,0.887,1168,182.43912415784408,5117095,0.6,8312,6828,8104,None
42,tcs_031017_11,contigs,100.0,0.65,Neural Network (Specific Model),11,0.893,15738,312.0991287193819,6367888,0.64,6083,1607,114879,None
43,tcs_110917_09,contigs,17.39,0.97,Neural Network (Specific Model),11,0.833,400,107.87248764415156,1173803,0.65,3035,3551,6052,None
44,tcs_101217_09,contigs,100.0,18.84,Gradient Boost (General Model),11,0.889,1275,169.90421134220384,8853193,0.64,15482,10675,24218,None
45,tcs_101217_05,contigs,70.41,3.64,Gradient Boost (General Model),11,0.888,753,150.355336903724,4064307,0.62,8029,6609,5478,None
46,tcs_060917_08,contigs,96.23,5.44,Gradient Boost (General Model),11,0.897,2410,221.56124899919936,5540579,0.62,7494,3577,18824,None
47,bc_250_031618_01,contigs,99.45,2.81,Neural Network (Specific Model),11,0.888,5543,259.44546129112047,7074319,0.63,8086,2475,51122,None
48,tcs_092117_02,contigs,99.98,3.88,Neural Network (Specific Model),11,0.884,4464,250.8369770580297,6294699,0.65,7410,3092,48552,None
49,tcs_031618_04,contigs,13.77,1.49,Neural Network (Specific Model),11,0.881,418,110.25761288064403,1068530,0.61,2857,2703,5447,None
50,tcs_052517_05,contigs,99.92,3.0,Neural Network (Specific Model),11,0.894,5948,261.2363443521301,4948844,0.61,5657,1795,44157,None
51,tcs_092117_06,contigs,26.2,1.61,Neural Network (Specific Model),11,0.877,412,106.47999011857708,1469891,0.65,4048,3566,6661,None
52,tcs_031017_02,contigs,18.78,1.24,Neural Network (Specific Model),11,0.864,390,104.21639011175075,1064130,0.64,2953,2730,5072,None
53,tcs_501,contigs,82.44,3.28,Neural Network (Specific Model),11,0.884,1693,187.16337159863946,5958684,0.66,9408,5667,13696,None
54,tcs_101217_07,contigs,88.85,5.88,Gradient Boost (General Model),11,0.878,1245,163.82342972142783,5273445,0.64,9441,5632,20593,None
55,tcs_051117_13,contigs,95.69,3.67,Neural Network (Specific Model),11,0.893,3445,258.3093726937269,5866919,0.6,6775,3326,25529,None
56,tcs_092117_03,contigs,99.99,0.18,Neural Network (Specific Model),11,0.894,36937,308.37943867266245,6661420,0.66,6449,774,182956,None
57,tcs_031017_09,contigs,85.73,4.69,Gradient Boost (General Model),11,0.871,1269,176.78795521032987,6024303,0.65,9913,7046,30131,None
58,tcs_092117_09,contigs,91.83,5.31,Gradient Boost (General Model),11,0.895,1492,192.83883040935672,5515249,0.62,8550,5373,13391,None
59,tcs_031017_07,contigs,46.82,3.08,Gradient Boost (General Model),11,0.886,605,130.48369351669942,3363262,0.61,7635,6139,7520,None
60,tcs_082417_02,contigs,14.81,0.74,Neural Network (Specific Model),11,0.864,374,100.30292846855497,722736,0.64,2083,1948,2206,None
61,tcs_110917_07,contigs,93.99,2.16,Neural Network (Specific Model),11,0.893,3333,230.9132743362832,6564898,0.66,8475,3364,25337,None
62,tcs_041417_05,contigs,45.98,3.87,Gradient Boost (General Model),11,0.882,580,131.75935608145295,3245426,0.59,7268,6352,6877,None
63,tcs_5012,contigs,99.95,3.25,Neural Network (Specific Model),11,0.885,6207,266.48536109303836,6932758,0.63,7685,2245,31830,None
64,tcs_060917_06,contigs,55.17,2.01,Gradient Boost (General Model),11,0.893,648,139.4578651685393,3659563,0.6,7832,6297,8642,None
65,tcs_051117_07,contigs,50.38,3.41,Gradient Boost (General Model),11,0.887,644,140.54965662968831,3586607,0.6,7572,6618,13293,None
66,tcs_051117_01,contigs,18.62,1.62,Neural Network (Specific Model),11,0.867,402,104.62869458128078,1170846,0.61,3248,2918,6063,None
67,tcs_051117_05,contigs,68.02,6.96,Gradient Boost (General Model),11,0.88,865,153.9193232935654,5352522,0.64,10226,7483,8451,None
68,tcs_052517_09,contigs,19.52,1.13,Neural Network (Specific Model),11,0.871,380,104.71549295774648,892117,0.6,2485,2457,6184,None
69,tcs_080317_04,contigs,29.77,0.83,Neural Network (Specific Model),11,0.891,469,114.19866920152091,2014237,0.61,5260,4378,5662,None
70,tcs_080317_07,contigs,96.04,2.84,Neural Network (Specific Model),11,0.894,7007,269.8963167053364,6236998,0.62,6896,1791,50947,None
71,tcs_052517_06,contigs,57.06,4.46,Gradient Boost (General Model),11,0.893,668,139.65626918825984,3810555,0.62,8143,6403,8050,None
72,bc_500_040518_03,contigs,17.09,0.31,Neural Network (Specific Model),11,0.857,428,111.59687906371911,1496518,0.6,3845,3820,3616,None
73,tcs_051017_15,contigs,92.44,5.98,Gradient Boost (General Model),11,0.878,2417,214.82654668166478,6508194,0.6,8890,4307,121548,None
74,tcs_060917_07,contigs,100.0,1.02,Neural Network (Specific Model),11,0.893,22082,318.57236158527536,7193112,0.59,6737,1415,133494,None
75,bc_500_012617_11,contigs,93.7,7.14,Gradient Boost (General Model),11,0.877,1683,194.6381263394224,6508594,0.62,9799,5707,28514,None
76,tcs_092117_10,contigs,11.35,0.81,Neural Network (Specific Model),11,0.873,376,101.54894613583139,742264,0.64,2135,1975,2142,None
77,tcs_110917_08,contigs,59.77,3.39,Gradient Boost (General Model),11,0.893,741,148.260611104506,4173906,0.62,8411,6442,11739,None
78,tcs_030218_06,contigs,24.37,0.29,Neural Network (Specific Model),11,0.874,472,118.78255722178375,2059571,0.64,5068,4489,11249,None
79,bc_500_040518_02,contigs,21.08,0.85,Neural Network (Specific Model),11,0.87,469,114.5396017699115,1778936,0.58,4520,4040,7980,None
80,tcs_101217_06,contigs,51.09,2.89,Gradient Boost (General Model),11,0.881,682,141.78884992139317,3983376,0.64,8269,7039,6639,None
81,tcs_072017_12,contigs,100.0,1.32,Neural Network (Specific Model),11,0.873,14180,301.3861278835733,6683825,0.66,6459,1970,76266,None
82,tcs_051117_21,contigs,100.0,4.54,Gradient Boost (General Model),11,0.885,2431,220.36236573055518,5758149,0.61,7727,4239,34443,None
83,tcs_060917_10,contigs,45.93,1.38,Gradient Boost (General Model),11,0.89,598,132.27670301324892,3790506,0.6,8529,6893,8029,None
84,tcs_110917_15,contigs,72.84,6.34,Gradient Boost (General Model),11,0.891,861,154.85590813680702,4210787,0.61,8099,5732,7739,None
85,tcs_101217_10,contigs,99.72,3.98,Neural Network (Specific Model),11,0.886,6348,265.09510046793287,6512599,0.64,7266,2014,44345,None
86,tcs_062317_06,contigs,99.02,2.21,Neural Network (Specific Model),11,0.888,4267,259.1245048851334,6618973,0.6,7574,3304,57164,None
87,tcs_041417_04,contigs,23.99,0.76,Neural Network (Specific Model),11,0.871,393,106.0653074227461,1142506,0.6,3139,3420,6212,None
88,bc_250_031618_06,contigs,26.94,0.93,Neural Network (Specific Model),11,0.881,435,112.45216985534297,1635307,0.62,4286,3845,5924,None
89,tcs_062317_04,contigs,100.0,1.17,Neural Network (Specific Model),11,0.9,7353,286.26123046875,5854706,0.63,6144,1880,42749,None
90,tcs_060917_01,contigs,9.46,0.39,Neural Network (Specific Model),11,0.874,381,101.03729767769177,490458,0.62,1421,1261,5733,None
91,tcs_062317_03,contigs,94.17,1.67,Neural Network (Specific Model),11,0.893,3906,248.50910073887187,4622757,0.62,5549,2295,21968,None
92,tcs_080317_05,contigs,100.0,0.25,Neural Network (Specific Model),11,0.883,39426,304.3418829209415,6841453,0.64,6628,735,139111,None
93,tcs_041417_06,contigs,92.99,2.99,Gradient Boost (General Model),11,0.889,1134,178.31208406304728,5139559,0.6,8565,6282,8148,None
94,tcs_121417_08,contigs,10.05,1.01,Neural Network (Specific Model),11,0.842,369,100.75722858701582,655445,0.64,1833,1982,5733,None
95,tcs_052517_01,contigs,15.96,1.11,Neural Network (Specific Model),11,0.865,394,101.89413735343383,1050422,0.63,2985,2664,6369,None
96,tcs_062317_08,contigs,6.7,0.01,Neural Network (Specific Model),11,0.862,375,100.89906542056075,373899,0.6,1070,966,5083,None
97,tcs_060917_09,contigs,89.51,5.21,Gradient Boost (General Model),11,0.873,1594,193.81499298456603,6632781,0.64,9978,6407,12878,None
98,tcs_080317_08,contigs,65.2,4.43,Gradient Boost (General Model),11,0.883,757,143.2794133623031,4469992,0.66,9205,6855,7654,None
99,tcs_080317_01,contigs,92.62,3.39,Neural Network (Specific Model),11,0.889,2644,240.4630163304515,5900459,0.6,7287,4058,23709,None
100,tcs_051117_09,contigs,30.77,0.21,Neural Network (Specific Model),11,0.876,417,109.6194523135033,1583718,0.6,4236,4041,5773,None
101,tcs_062317_09,contigs,93.35,4.18,Neural Network (Specific Model),11,0.887,3130,230.5763223520147,5928535,0.61,7619,3680,24030,None
102,tcs_102717_05,contigs,99.46,2.07,Gradient Boost (General Model),11,0.873,3123,234.94016680768766,6664062,0.65,8273,4299,19892,None
103,tcs_082417_04,contigs,96.2,4.02,Neural Network (Specific Model),11,0.893,4457,247.43993506493507,6136574,0.66,7392,3107,41631,None
104,tcs_060917_12,contigs,99.89,3.21,Neural Network (Specific Model),11,0.894,7341,268.63859330391904,6937334,0.66,7706,2260,42289,None
105,bc_250_020118_04,contigs,35.72,1.57,Neural Network (Specific Model),11,0.889,520,125.85292694726657,2624699,0.6,6201,5559,4396,None
106,bc_500_040518_05,contigs,61.7,2.85,Gradient Boost (General Model),11,0.887,748,147.5699865410498,4439202,0.63,8916,6862,4507,None
107,tcs_507,contigs,98.71,2.83,Neural Network (Specific Model),11,0.867,3939,251.6369695321001,6391890,0.67,7352,5913,29741,None
108,tcs_080317_03,contigs,63.64,5.39,Gradient Boost (General Model),11,0.883,772,144.27954735959764,4664309,0.66,9544,7104,7005,None
109,tcs_020118_05,contigs,99.98,1.09,Neural Network (Specific Model),11,0.896,9025,278.6854590716064,6359248,0.66,6829,1446,62093,None
110,tcs_062317_07,contigs,92.76,4.61,Gradient Boost (General Model),11,0.901,1828,212.4777875109498,5644163,0.62,7991,4570,22621,None
111,tcs_052517_10,contigs,28.16,1.07,Neural Network (Specific Model),11,0.884,416,107.66194837635304,1311693,0.61,3603,3126,3387,None
112,tcs_051017_08,contigs,13.5,0.37,Neural Network (Specific Model),11,0.857,388,101.52181500872601,811588,0.63,2292,2056,2883,None
113,tcs_031017_05,contigs,99.99,3.13,Neural Network (Specific Model),11,0.899,17506,303.0829300850993,6052155,0.62,5993,727,108473,None
114,tcs_080317_10,contigs,21.64,2.33,Neural Network (Specific Model),11,0.868,395,103.28833515881709,1298174,0.63,3652,3289,7147,None
115,tcs_030218_04,contigs,23.26,0.33,Neural Network (Specific Model),11,0.881,445,117.4117349519474,1574271,0.6,3954,3826,3641,None
116,tcs_062317_12,contigs,37.27,1.97,Gradient Boost (General Model),11,0.876,541,125.51061735339614,3045092,0.64,7111,6026,6367,None
117,tcs_051017_13,contigs,29.14,0.47,Neural Network (Specific Model),11,0.878,449,111.6296992481203,1617286,0.61,4256,3662,6303,None
118,tcs_102717_14,contigs,6.9,0.0,Neural Network (Specific Model),11,0.848,355,94.37974683544304,262502,0.63,790,715,1849,None
119,bc_250_031618_05,contigs,49.88,2.37,Gradient Boost (General Model),11,0.893,587,134.2032054951345,3139028,0.58,6988,5875,5744,None
120,bc_250_040518_03,contigs,22.8,0.26,Neural Network (Specific Model),11,0.851,468,113.37905973200091,1753569,0.56,4403,4317,5816,None
121,bc_250_040518_02,contigs,69.36,3.02,Gradient Boost (General Model),11,0.864,744,138.91524055537616,2978318,0.57,6194,4577,9517,None
122,tcs_072017_08,contigs,99.98,3.63,Neural Network (Specific Model),11,0.887,5133,265.2650935720098,5501544,0.62,6145,2085,27107,None
123,tcs_041417_09,contigs,100.0,0.06,Neural Network (Specific Model),11,0.885,13929,314.8408658008658,6151027,0.6,5775,2251,60457,None
124,tcs_052517_02,contigs,48.52,3.98,Gradient Boost (General Model),11,0.885,650,135.66475835441352,3442690,0.63,7511,5945,3794,None
125,tcs_060917_02,contigs,99.99,4.39,Neural Network (Specific Model),11,0.897,12546,297.1745586536875,6013686,0.62,6061,1010,76019,None
126,tcs_031017_03,contigs,94.29,3.12,Neural Network (Specific Model),11,0.892,2948,221.6665527065527,6527925,0.66,8775,4222,19934,None
127,tcs_051017_03,contigs,22.54,0.83,Neural Network (Specific Model),11,0.875,411,106.48282896973818,1069535,0.64,2941,2657,5009,None
128,tcs_041417_02,contigs,98.92,8.32,Gradient Boost (General Model),11,0.904,1974,218.36010693943973,6220582,0.6,8603,4686,20059,None
129,tcs_041417_07,contigs,94.22,7.92,Gradient Boost (General Model),11,0.876,2125,205.82264712617356,6144246,0.59,8734,4593,63409,None
130,tcs_051017_09,contigs,66.08,3.14,Gradient Boost (General Model),11,0.887,846,157.65851571096712,4347754,0.6,8179,6580,6926,None
131,tcs_031017_08,contigs,16.89,1.48,Neural Network (Specific Model),11,0.872,385,103.53694581280789,792784,0.64,2233,2021,3703,None
132,tcs_121417_09,contigs,19.04,1.74,Neural Network (Specific Model),11,0.851,399,106.84689413823273,1285811,0.59,3429,3865,4532,None
133,tcs_031618_05,contigs,3.08,0.0,Neural Network (Specific Model),11,0.857,351,93.29794520547945,94855,0.6,292,358,1343,None
134,tcs_102717_02,contigs,99.95,5.01,Neural Network (Specific Model),11,0.874,4331,248.93220545277507,7010274,0.65,8216,3699,40791,None
135,tcs_041417_12,contigs,99.99,0.1,Neural Network (Specific Model),11,0.886,8132,312.9019436175801,6039747,0.6,5711,2888,57212,None
136,tcs_092117_04,contigs,18.87,1.1,Neural Network (Specific Model),11,0.864,397,103.75219798111364,1101765,0.62,3071,2795,3233,None
137,tcs_092117_05,contigs,19.05,1.85,Neural Network (Specific Model),11,0.874,409,106.8438549361988,1087758,0.64,2978,2661,5053,None
138,tcs_092117_07,contigs,91.83,2.93,Neural Network (Specific Model),11,0.899,2976,241.4639736427446,5610507,0.65,6981,3092,17784,None
139,bc_500_030218_08,contigs,98.54,3.35,Gradient Boost (General Model),11,0.882,2372,212.37104318503208,6629031,0.62,9193,4997,18871,None
140,tcs_072017_02,contigs,100.0,0.57,Neural Network (Specific Model),11,0.887,26673,316.84653774173427,6860592,0.6,6412,1284,89228,None
141,tcs_051017_05_1,contigs,100.0,0.18,Neural Network (Specific Model),11,0.887,15418,320.1144798745426,6206428,0.6,5739,2008,87733,None
142,tcs_062317_11,contigs,100.0,0.05,Neural Network (Specific Model),11,0.896,76158,310.34591386394766,6821200,0.66,6571,449,361748,None
143,tcs_110917_12,contigs,13.64,1.32,Neural Network (Specific Model),11,0.876,376,103.35371900826446,853199,0.65,2420,2218,1798,None
144,tcs_092117_14,contigs,55.32,3.07,Gradient Boost (General Model),11,0.875,653,135.07160164768598,3809191,0.64,8254,6555,5698,None
145,tcs_051117_14,contigs,49.48,3.97,Gradient Boost (General Model),11,0.88,617,134.447495709159,2926966,0.62,6409,5244,6456,None
146,tcs_110917_17,contigs,78.76,3.59,Gradient Boost (General Model),11,0.891,946,167.11295640493344,4592650,0.6,8189,6559,5671,None
147,tcs_051017_04_1,contigs,99.98,0.18,Neural Network (Specific Model),11,0.906,20309,319.2946976744186,5675563,0.62,5375,801,126551,None
148,tcs_080317_12,contigs,99.98,1.91,Neural Network (Specific Model),11,0.889,12974,295.3507718696398,5799409,0.62,5830,1139,49874,None
149,tcs_021617_05,contigs,50.68,3.09,Gradient Boost (General Model),11,0.873,611,134.16132637853948,2466111,0.6,5368,4312,4150,None
150,tcs_030218_11,contigs,33.85,2.06,Neural Network (Specific Model),11,0.893,532,126.64372469635627,2619158,0.62,6175,5138,6951,None
151,bc_500_020118_02,contigs,8.97,0.66,Neural Network (Specific Model),11,0.88,395,104.31772219265567,665357,0.62,1879,1633,2626,None
152,tcs_041417_01,contigs,64.31,4.8,Gradient Boost (General Model),11,0.885,754,150.29538904899135,4232084,0.6,8328,7018,6156,None
153,tcs_121417_05,contigs,10.58,1.46,Neural Network (Specific Model),11,0.868,388,104.50594315245478,695880,0.61,1935,1815,5141,None
154,tcs_110917_16,contigs,99.99,5.54,Neural Network (Specific Model),11,0.874,4116,250.844852649663,6505466,0.66,7567,3749,29107,None
155,tcs_121417_07,contigs,99.95,5.47,Neural Network (Specific Model),11,0.892,7125,269.0436246523203,6171903,0.62,6831,1778,40677,None
156,bc_250_012617_09,contigs,73.17,6.76,Gradient Boost (General Model),11,0.878,1155,167.79152676278886,5790804,0.62,10126,6826,6578,None
157,tcs_051117_19,contigs,18.04,0.35,Neural Network (Specific Model),11,0.866,397,108.06752730883814,1127239,0.6,3021,3541,4435,None
158,tcs_021617_07,contigs,47.9,2.4,Gradient Boost (General Model),11,0.882,627,132.71076046980662,3794875,0.64,8429,6894,12549,None
159,tcs_051017_18,contigs,59.9,6.78,Gradient Boost (General Model),11,0.873,859,151.67083600598676,4858724,0.59,9354,6524,35906,None
160,tcs_110917_06,contigs,39.01,0.9,Neural Network (Specific Model),11,0.879,557,124.8235544217687,2997585,0.65,7056,5768,6206,None
161,tcs_502,contigs,99.98,0.94,Neural Network (Specific Model),11,0.889,7796,263.77322690395187,6788207,0.66,7642,2546,66590,None
162,tcs_040518_04,contigs,52.59,2.66,Gradient Boost (General Model),11,0.889,637,138.26802965625703,4139834,0.6,8902,7564,4260,None
163,tcs_020118_11,contigs,42.91,2.59,Gradient Boost (General Model),11,0.891,567,128.63356905758405,2989271,0.62,6929,5629,6046,None
164,bc_500_031618_02,contigs,33.76,2.4,Neural Network (Specific Model),11,0.886,515,123.75899869109948,2551910,0.62,6112,5345,5875,None
165,tcs_102717_01,contigs,20.51,1.33,Neural Network (Specific Model),11,0.855,383,102.31178824253617,1161689,0.63,3249,3326,4510,None
166,tcs_052517_11,contigs,89.83,6.83,Gradient Boost (General Model),11,0.889,2122,216.15307189542483,5567654,0.64,7650,4359,22431,None
167,tcs_060917_05,contigs,98.01,2.4,Neural Network (Specific Model),11,0.886,4725,259.27402654221964,6004937,0.62,6857,2585,41805,None
168,tcs_072017_04,contigs,50.65,2.29,Gradient Boost (General Model),11,0.898,716,144.8552222083904,3876495,0.66,8033,6135,6605,None
169,tcs_051017_19,contigs,97.41,1.14,Neural Network (Specific Model),11,0.89,4635,274.9974485967282,6162294,0.6,6663,2887,31413,None
170,tcs_101217_04,contigs,19.86,1.76,Neural Network (Specific Model),11,0.881,394,104.28420451299628,1239040,0.65,3501,3097,2846,None
171,tcs_102717_15,contigs,11.79,1.7,Neural Network (Specific Model),11,0.885,412,110.72107279693486,975462,0.62,2610,2404,5457,None
172,tcs_092117_01,contigs,59.46,5.6,Gradient Boost (General Model),11,0.87,740,143.77614172322558,4296062,0.65,8693,6967,6686,None
173,tcs_031017_06,contigs,96.27,2.07,Neural Network (Specific Model),11,0.893,6664,264.13263243024664,6572004,0.66,7419,2297,61545,None
174,tcs_051117_03,contigs,100.0,0.01,Neural Network (Specific Model),11,0.879,21234,310.7482594936709,6698084,0.65,6320,1905,94420,None
175,bc_500_030218_06,contigs,29.49,0.88,Neural Network (Specific Model),11,0.876,493,118.13141314131413,2238513,0.59,5555,4517,5913,None
176,tcs_041417_08,contigs,92.84,2.97,Neural Network (Specific Model),11,0.894,2895,227.0129008016032,6070841,0.66,7984,3842,31730,None
177,tcs_101217_08,contigs,20.68,0.81,Neural Network (Specific Model),11,0.874,371,99.46400778210116,698703,0.65,2056,1849,1668,None
178,tcs_5013,contigs,99.98,0.46,Neural Network (Specific Model),11,0.896,11536,279.58688837399484,6856696,0.66,7337,1324,55833,None
179,tcs_051017_07,contigs,13.41,1.29,Neural Network (Specific Model),11,0.858,373,102.65215731195113,935764,0.59,2619,2693,2094,None
180,tcs_121417_06,contigs,76.82,6.61,Gradient Boost (General Model),11,0.889,954,162.6268446943078,4674191,0.64,8538,6413,7347,None
181,tcs_040518_06,contigs,63.59,3.39,Gradient Boost (General Model),11,0.89,843,154.35645619401353,4749341,0.6,9154,6622,18518,None
182,tcs_101217_11,contigs,100.0,0.85,Neural Network (Specific Model),11,0.894,50830,308.3469320066335,6231451,0.63,6030,773,150481,None
183,tcs_031618_02,contigs,32.28,1.37,Neural Network (Specific Model),11,0.895,480,119.0385269121813,2105243,0.62,5295,4497,6041,None
184,tcs_051117_20,contigs,83.91,2.1,Neural Network (Specific Model),11,0.887,1536,196.23781958514232,5491495,0.62,8292,5328,26287,None
185,tcs_052517_04,contigs,89.58,4.91,Gradient Boost (General Model),11,0.878,1379,177.36579692556634,5981861,0.64,9888,6487,10532,None
186,tcs_506,contigs,100.0,0.53,Neural Network (Specific Model),11,0.895,22946,311.2146678555506,4674610,0.62,4486,582,93043,None
187,bc_500_030218_01,contigs,62.47,4.43,Gradient Boost (General Model),11,0.849,869,139.989755807028,4141589,0.58,8395,5960,16146,None
188,tcs_092117_11,contigs,45.0,2.32,Gradient Boost (General Model),11,0.877,658,134.5876577840112,4255120,0.64,9269,7035,14421,None
189,tcs_051017_02,contigs,12.18,0.0,Neural Network (Specific Model),11,0.871,332,93.7800586510264,219336,0.65,682,640,1040,None
190,tcs_051117_17,contigs,16.58,0.77,Neural Network (Specific Model),11,0.88,383,103.6874773139746,970806,0.61,2755,2454,2198,None
191,tcs_041417_03,contigs,99.92,3.8,Neural Network (Specific Model),11,0.883,3108,249.5806953814219,6518184,0.6,7708,4744,22474,None
192,tcs_072017_05,contigs,69.14,5.32,Gradient Boost (General Model),11,0.866,829,152.45650596163816,5079865,0.65,9645,7683,9172,None
193,bc_500_031618_04,contigs,34.15,1.19,Neural Network (Specific Model),11,0.878,507,124.10632447296058,2304835,0.62,5455,5176,5703,None
194,tcs_052517_12,contigs,100.0,4.39,Neural Network (Specific Model),11,0.875,5473,265.6403433476395,6359845,0.66,6990,3102,47351,None
195,tcs_102717_08,contigs,9.55,0.99,Neural Network (Specific Model),11,0.886,376,104.20477247502775,633379,0.63,1802,1660,2704,None
196,tcs_110917_10,contigs,100.0,0.33,Neural Network (Specific Model),11,0.887,22075,287.96144062123443,7263963,0.64,7469,1151,108025,None
197,tcs_030218_08,contigs,40.75,3.64,Gradient Boost (General Model),11,0.878,589,134.6310278719953,3107566,0.6,6781,6650,4589,None
198,tcs_101217_02,contigs,93.25,7.35,Neural Network (Specific Model),11,0.896,3235,241.25329747726983,6296268,0.62,7809,3345,26861,None
199,tcs_051117_04,contigs,74.39,6.49,Gradient Boost (General Model),11,0.886,810,152.09331005129326,4707666,0.63,9163,7308,7456,None
200,tcs_031017_12,contigs,60.85,2.85,Gradient Boost (General Model),11,0.866,632,135.38835520149954,3989250,0.65,8536,7228,7170,None
201,tcs_031017_04,contigs,99.89,3.05,Neural Network (Specific Model),11,0.887,4026,248.4571464112452,6741284,0.65,8039,3203,23061,None
202,tcs_110917_04,contigs,16.21,0.46,Neural Network (Specific Model),11,0.883,387,105.4922206506365,756917,0.65,2121,1936,2013,None
203,tcs_051117_16,contigs,11.49,1.02,Neural Network (Specific Model),11,0.874,397,105.18019142738244,863393,0.6,2403,2106,8219,None
